{"cameraMode":{"drawMode":0,"name":"Shaded","section":"Shading Mode"},"sceneLighting":false,"audioPlay":false,"sceneViewState":{"showFog":true,"showMaterialUpdate":false,"showSkybox":false,"showFlares":true,"showImageEffects":false,"showParticleSystems":true},"in2DMode":false,"pivot":{"x":0.09013122320175171,"y":5.0,"z":-1.6153230667114258},"rotation":{"x":-0.06502657383680344,"y":0.8826593160629273,"z":-0.12826789915561677,"w":-0.4474719166755676},"size":2.866266965866089,"orthographic":false}