{"cameraMode":{"drawMode":0,"name":"Shaded","section":"Shading Mode"},"sceneLighting":false,"audioPlay":false,"sceneViewState":{"showFog":true,"showMaterialUpdate":false,"showSkybox":false,"showFlares":true,"showImageEffects":false,"showParticleSystems":true},"in2DMode":false,"pivot":{"x":0.0,"y":1.1599993705749512,"z":0.22499999403953553},"rotation":{"x":-0.06308766454458237,"y":0.926906168460846,"z":-0.3224784731864929,"w":-0.18134069442749024},"size":13.399290084838868,"orthographic":false}