{"cameraMode":{"drawMode":0,"name":"Shaded","section":"Shading Mode"},"sceneLighting":false,"audioPlay":false,"sceneViewState":{"showFog":true,"showMaterialUpdate":false,"showSkybox":false,"showFlares":true,"showImageEffects":false,"showParticleSystems":true},"in2DMode":false,"pivot":{"x":-0.08938026428222656,"y":3.7763748168945314,"z":0.011050939559936524},"rotation":{"x":-0.17404204607009889,"y":0.7227245569229126,"z":-0.19676338136196137,"w":-0.6392678022384644},"size":9.34736442565918,"orthographic":false}