{"cameraMode":{"drawMode":0,"name":"Shaded","section":"Shading Mode"},"sceneLighting":false,"audioPlay":false,"sceneViewState":{"showFog":true,"showMaterialUpdate":false,"showSkybox":false,"showFlares":true,"showImageEffects":false,"showParticleSystems":true},"in2DMode":false,"pivot":{"x":1.0829492807388306,"y":-6.650000095367432,"z":-20.657678604125978},"rotation":{"x":-0.06502657383680344,"y":0.8826593160629273,"z":-0.12826789915561677,"w":-0.4474719166755676},"size":175.5247039794922,"orthographic":false}