{"cameraMode":{"drawMode":0,"name":"Shaded","section":"Shading Mode"},"sceneLighting":false,"audioPlay":false,"sceneViewState":{"showFog":true,"showMaterialUpdate":false,"showSkybox":false,"showFlares":true,"showImageEffects":false,"showParticleSystems":true},"in2DMode":false,"pivot":{"x":920.33154296875,"y":353.12298583984377,"z":1096.558837890625},"rotation":{"x":-0.37122219800949099,"y":0.4389572739601135,"z":-0.2057345062494278,"w":-0.7919804453849793},"size":2164.25244140625,"orthographic":false}