{"cameraMode":{"drawMode":0,"name":"Shaded","section":"Shading Mode"},"sceneLighting":false,"audioPlay":false,"sceneViewState":{"showFog":true,"showMaterialUpdate":false,"showSkybox":false,"showFlares":true,"showImageEffects":true,"showParticleSystems":true},"in2DMode":false,"pivot":{"x":0.1586669534444809,"y":-1.2462085485458375,"z":-0.03534020483493805},"rotation":{"x":-0.260804682970047,"y":0.671566367149353,"z":-0.27511724829673769,"w":-0.636630654335022},"size":162.42034912109376,"orthographic":false}