{"cameraMode":{"drawMode":0,"name":"Shaded","section":"Shading Mode"},"sceneLighting":false,"audioPlay":false,"sceneViewState":{"showFog":true,"showMaterialUpdate":false,"showSkybox":false,"showFlares":true,"showImageEffects":true,"showParticleSystems":true},"in2DMode":false,"pivot":{"x":-88.37881469726563,"y":-12.760223388671875,"z":33.22443389892578},"rotation":{"x":0.45464611053466799,"y":0.1340123414993286,"z":-0.06941082328557968,"w":0.8777928352355957},"size":125.0906753540039,"orthographic":true}