{"cameraMode":{"drawMode":0,"name":"Shaded","section":"Shading Mode"},"sceneLighting":true,"audioPlay":false,"sceneViewState":{"showFog":true,"showMaterialUpdate":true,"showSkybox":true,"showFlares":true,"showImageEffects":true,"showParticleSystems":true},"in2DMode":false,"pivot":{"x":-154.6468963623047,"y":-3.7348880767822267,"z":79.43525695800781},"rotation":{"x":0.2864399254322052,"y":-0.37183481454849245,"z":0.12176574766635895,"w":0.8745831251144409},"size":19.71251678466797,"orthographic":true}