{"cameraMode":{"drawMode":0,"name":"Shaded","section":"Shading Mode"},"sceneLighting":false,"audioPlay":false,"sceneViewState":{"showFog":true,"showMaterialUpdate":false,"showSkybox":false,"showFlares":true,"showImageEffects":true,"showParticleSystems":true},"in2DMode":false,"pivot":{"x":-0.00015926361083984375,"y":0.16688203811645509,"z":-0.035650551319122317},"rotation":{"x":-0.10607901215553284,"y":0.8765773773193359,"z":-0.2259867787361145,"w":-0.4114806354045868},"size":3.2082035541534426,"orthographic":false}