{"cameraMode":{"drawMode":0,"name":"Shaded","section":"Shading Mode"},"sceneLighting":false,"audioPlay":false,"sceneViewState":{"showFog":true,"showMaterialUpdate":false,"showSkybox":false,"showFlares":true,"showImageEffects":true,"showParticleSystems":true},"in2DMode":false,"pivot":{"x":-0.00015926361083984375,"y":0.16688203811645509,"z":-0.035650551319122317},"rotation":{"x":-0.000008481153599859681,"y":0.676590621471405,"z":0.000010618360647640657,"w":-0.7363753318786621},"size":3.2082035541534426,"orthographic":false}