{"cameraMode":{"drawMode":0,"name":"Shaded","section":"Shading Mode"},"sceneLighting":false,"audioPlay":false,"sceneViewState":{"showFog":true,"showMaterialUpdate":false,"showSkybox":false,"showFlares":true,"showImageEffects":true,"showParticleSystems":true},"in2DMode":false,"pivot":{"x":-88.37881469726563,"y":-12.760223388671875,"z":33.22443389892578},"rotation":{"x":-0.000008481153599859681,"y":0.676590621471405,"z":0.000010618360647640657,"w":-0.7363753318786621},"size":125.0906753540039,"orthographic":false}