{"cameraMode":{"drawMode":0,"name":"Shaded","section":"Shading Mode"},"sceneLighting":true,"audioPlay":false,"sceneViewState":{"showFog":false,"showMaterialUpdate":false,"showSkybox":false,"showFlares":false,"showImageEffects":false,"showParticleSystems":false},"in2DMode":false,"pivot":{"x":-19.81920623779297,"y":-17.26492691040039,"z":97.64381408691406},"rotation":{"x":0.0010409989627078176,"y":0.718468189239502,"z":0.0010797373251989484,"w":-0.6955657005310059},"size":385.51885986328127,"orthographic":true}