{"cameraMode":{"drawMode":0,"name":"Shaded","section":"Shading Mode"},"sceneLighting":true,"audioPlay":false,"sceneViewState":{"showFog":true,"showMaterialUpdate":true,"showSkybox":true,"showFlares":true,"showImageEffects":true,"showParticleSystems":true},"in2DMode":false,"pivot":{"x":120.65020751953125,"y":979.236328125,"z":-81.0},"rotation":{"x":-0.022494295611977578,"y":0.015237225219607354,"z":0.00037927847006358206,"w":0.9996477961540222},"size":939.8164672851563,"orthographic":true}