{"cameraMode":{"drawMode":0,"name":"Shaded","section":"Shading Mode"},"sceneLighting":false,"audioPlay":false,"sceneViewState":{"showFog":false,"showMaterialUpdate":false,"showSkybox":false,"showFlares":false,"showImageEffects":false,"showParticleSystems":false},"in2DMode":false,"pivot":{"x":342.3033142089844,"y":1357.271240234375,"z":0.0},"rotation":{"x":-0.004495719913393259,"y":0.04348589479923248,"z":0.00019569073629099876,"w":0.999043881893158},"size":71.9079818725586,"orthographic":true}