{"cameraMode":{"drawMode":0,"name":"Shaded","section":"Shading Mode"},"sceneLighting":false,"audioPlay":false,"sceneViewState":{"showFog":false,"showMaterialUpdate":false,"showSkybox":false,"showFlares":false,"showImageEffects":false,"showParticleSystems":false},"in2DMode":false,"pivot":{"x":-8.84227180480957,"y":22.91698455810547,"z":35.46969985961914},"rotation":{"x":0.12826643884181977,"y":-0.0757904201745987,"z":0.00983155146241188,"w":0.9887912273406982},"size":28.578840255737306,"orthographic":true}