{"cameraMode":{"drawMode":0,"name":"Shaded","section":"Shading Mode"},"sceneLighting":true,"audioPlay":false,"sceneViewState":{"showFog":true,"showMaterialUpdate":true,"showSkybox":true,"showFlares":true,"showImageEffects":true,"showParticleSystems":true},"in2DMode":false,"pivot":{"x":486.892333984375,"y":870.021484375,"z":307.0792236328125},"rotation":{"x":-0.21082378923892976,"y":-0.22520318627357484,"z":0.049987033009529117,"w":-0.949926495552063},"size":459.2571716308594,"orthographic":true}