{"cameraMode":{"drawMode":0,"name":"Shaded","section":"Shading Mode"},"sceneLighting":false,"audioPlay":false,"sceneViewState":{"showFog":true,"showMaterialUpdate":false,"showSkybox":false,"showFlares":true,"showImageEffects":true,"showParticleSystems":true},"in2DMode":false,"pivot":{"x":0.21349596977233888,"y":0.226935014128685,"z":0.028178393840789796},"rotation":{"x":-0.260804682970047,"y":0.671566367149353,"z":-0.27511724829673769,"w":-0.636630654335022},"size":9.333868026733399,"orthographic":false}