{"cameraMode":{"drawMode":0,"name":"Shaded","section":"Shading Mode"},"sceneLighting":true,"audioPlay":false,"sceneViewState":{"showFog":true,"showMaterialUpdate":true,"showSkybox":true,"showFlares":true,"showImageEffects":true,"showParticleSystems":true},"in2DMode":false,"pivot":{"x":-62.778804779052737,"y":-46.974647521972659,"z":-37.9502067565918},"rotation":{"x":0.051116637885570529,"y":-0.7364799380302429,"z":0.056004930287599567,"w":0.6721971035003662},"size":517.75244140625,"orthographic":true}