{"cameraMode":{"drawMode":0,"name":"Shaded","section":"Shading Mode"},"sceneLighting":false,"audioPlay":false,"sceneViewState":{"showFog":true,"showMaterialUpdate":false,"showSkybox":false,"showFlares":true,"showImageEffects":true,"showParticleSystems":true},"in2DMode":false,"pivot":{"x":-21.799999237060548,"y":0.8799999952316284,"z":-13.399999618530274},"rotation":{"x":0.13626517355442048,"y":0.7479483485221863,"z":-0.162009134888649,"w":0.6290946006774902},"size":22.0,"orthographic":false}