{"cameraMode":{"drawMode":0,"name":"Shaded","section":"Shading Mode"},"sceneLighting":true,"audioPlay":false,"sceneViewState":{"showFog":true,"showMaterialUpdate":true,"showSkybox":true,"showFlares":true,"showImageEffects":true,"showParticleSystems":true},"in2DMode":false,"pivot":{"x":52.997589111328128,"y":22.293190002441408,"z":39.912818908691409},"rotation":{"x":-0.022494295611977578,"y":0.015237225219607354,"z":0.00037927847006358206,"w":0.9996477961540222},"size":94.89704132080078,"orthographic":true}