{"cameraMode":{"drawMode":0,"name":"Shaded","section":"Shading Mode"},"sceneLighting":true,"audioPlay":false,"sceneViewState":{"showFog":true,"showMaterialUpdate":true,"showSkybox":true,"showFlares":true,"showImageEffects":true,"showParticleSystems":true},"in2DMode":false,"pivot":{"x":1.5204734802246094,"y":2.614959239959717,"z":-12.574211120605469},"rotation":{"x":-0.21082378923892976,"y":-0.22520318627357484,"z":0.049987033009529117,"w":-0.949926495552063},"size":94.89704132080078,"orthographic":true}