{"cameraMode":{"drawMode":0,"name":"Shaded","section":"Shading Mode"},"sceneLighting":false,"audioPlay":false,"sceneViewState":{"showFog":true,"showMaterialUpdate":false,"showSkybox":false,"showFlares":true,"showImageEffects":true,"showParticleSystems":true},"in2DMode":false,"pivot":{"x":-6.513542175292969,"y":-13.26978874206543,"z":0.1687258780002594},"rotation":{"x":-0.08981018513441086,"y":0.7868715524673462,"z":-0.1179652288556099,"w":-0.5990508198738098},"size":38.85896301269531,"orthographic":false}