{"cameraMode":{"drawMode":0,"name":"Shaded","section":"Shading Mode"},"sceneLighting":true,"audioPlay":false,"sceneViewState":{"showFog":true,"showMaterialUpdate":true,"showSkybox":true,"showFlares":true,"showImageEffects":true,"showParticleSystems":true},"in2DMode":false,"pivot":{"x":-248.27481079101563,"y":57.602149963378909,"z":-177.0292510986328},"rotation":{"x":0.1354786902666092,"y":-0.004458530806005001,"z":0.000609641894698143,"w":0.9907701015472412},"size":89.57720947265625,"orthographic":true}