{"cameraMode":{"drawMode":0,"name":"Shaded","section":"Shading Mode"},"sceneLighting":true,"audioPlay":false,"sceneViewState":{"showFog":true,"showMaterialUpdate":true,"showSkybox":true,"showFlares":true,"showImageEffects":true,"showParticleSystems":true},"in2DMode":false,"pivot":{"x":314.0263671875,"y":113.244384765625,"z":19.35546875},"rotation":{"x":-0.1294056624174118,"y":0.04433128610253334,"z":-0.005787335801869631,"w":-0.9905951619148254},"size":257.5902404785156,"orthographic":true}