{"cameraMode":{"drawMode":0,"name":"Shaded","section":"Shading Mode"},"sceneLighting":true,"audioPlay":false,"sceneViewState":{"showFog":true,"showMaterialUpdate":true,"showSkybox":true,"showFlares":true,"showImageEffects":true,"showParticleSystems":true},"in2DMode":false,"pivot":{"x":-24.40367889404297,"y":41.16809844970703,"z":-28.92342758178711},"rotation":{"x":-0.00044540900853462517,"y":0.9548913240432739,"z":0.0014322471106424928,"w":0.2969527840614319},"size":94.62378692626953,"orthographic":true}