{"cameraMode":{"drawMode":0,"name":"Shaded","section":"Shading Mode"},"sceneLighting":false,"audioPlay":false,"sceneViewState":{"showFog":false,"showMaterialUpdate":false,"showSkybox":false,"showFlares":false,"showImageEffects":false,"showParticleSystems":false},"in2DMode":false,"pivot":{"x":-3.1549999713897707,"y":-1.9881939888000489,"z":8.052599906921387},"rotation":{"x":0.017933199182152749,"y":0.08538217842578888,"z":-0.0015370568726211787,"w":0.9961866140365601},"size":28.75782012939453,"orthographic":true}