{"cameraMode":{"drawMode":0,"name":"Shaded","section":"Shading Mode"},"sceneLighting":true,"audioPlay":false,"sceneViewState":{"showFog":true,"showMaterialUpdate":true,"showSkybox":true,"showFlares":true,"showImageEffects":true,"showParticleSystems":true},"in2DMode":false,"pivot":{"x":-132.28790283203126,"y":9.99551010131836,"z":-62.197818756103519},"rotation":{"x":-0.00044540900853462517,"y":0.9548913240432739,"z":0.0014322471106424928,"w":0.2969527840614319},"size":2.1867783069610597,"orthographic":true}