{"cameraMode":{"drawMode":0,"name":"Shaded","section":"Shading Mode"},"sceneLighting":false,"audioPlay":false,"sceneViewState":{"showFog":false,"showMaterialUpdate":false,"showSkybox":false,"showFlares":false,"showImageEffects":false,"showParticleSystems":false},"in2DMode":false,"pivot":{"x":19.218650817871095,"y":-16.687440872192384,"z":-9.766135215759278},"rotation":{"x":0.12116722762584686,"y":-0.45088112354278567,"z":0.06193046271800995,"w":0.8821516633033752},"size":37.413597106933597,"orthographic":true}