{"cameraMode":{"drawMode":0,"name":"Shaded","section":"Shading Mode"},"sceneLighting":false,"audioPlay":false,"sceneViewState":{"showFog":false,"showMaterialUpdate":false,"showSkybox":false,"showFlares":false,"showImageEffects":false,"showParticleSystems":false},"in2DMode":false,"pivot":{"x":22.71636962890625,"y":-1.8997613191604615,"z":-13.825469970703125},"rotation":{"x":0.03766271844506264,"y":-0.6730424165725708,"z":0.03435497730970383,"w":0.7378447651863098},"size":94.62378692626953,"orthographic":true}