{"cameraMode":{"drawMode":0,"name":"Shaded","section":"Shading Mode"},"sceneLighting":true,"audioPlay":false,"sceneViewState":{"showFog":true,"showMaterialUpdate":true,"showSkybox":true,"showFlares":true,"showImageEffects":true,"showParticleSystems":true},"in2DMode":false,"pivot":{"x":29.12960433959961,"y":22.111101150512697,"z":162.411376953125},"rotation":{"x":0.014981389977037907,"y":-0.971291184425354,"z":0.06361117959022522,"w":0.2287490963935852},"size":203.9843292236328,"orthographic":true}