{"cameraMode":{"drawMode":0,"name":"Shaded","section":"Shading Mode"},"sceneLighting":true,"audioPlay":false,"sceneViewState":{"showFog":true,"showMaterialUpdate":true,"showSkybox":true,"showFlares":true,"showImageEffects":true,"showParticleSystems":true},"in2DMode":false,"pivot":{"x":-102.06189727783203,"y":35.81236267089844,"z":198.1907958984375},"rotation":{"x":-0.12479005753993988,"y":-0.7409774661064148,"z":0.14358434081077577,"w":-0.6440370678901672},"size":95.41509246826172,"orthographic":true}