{"cameraMode":{"drawMode":0,"name":"Shaded","section":"Shading Mode"},"sceneLighting":true,"audioPlay":false,"sceneViewState":{"showFog":true,"showMaterialUpdate":true,"showSkybox":true,"showFlares":true,"showImageEffects":true,"showParticleSystems":true},"in2DMode":false,"pivot":{"x":-48.86687469482422,"y":10.5140380859375,"z":28.895511627197267},"rotation":{"x":0.11592362076044083,"y":-0.8609679341316223,"z":0.22663959860801698,"w":0.4403751790523529},"size":37.67042541503906,"orthographic":true}