{"cameraMode":{"drawMode":0,"name":"Shaded","section":"Shading Mode"},"sceneLighting":true,"audioPlay":false,"sceneViewState":{"showFog":true,"showMaterialUpdate":true,"showSkybox":true,"showFlares":true,"showImageEffects":true,"showParticleSystems":true},"in2DMode":false,"pivot":{"x":-108.85769653320313,"y":29.021530151367189,"z":-12.545768737792969},"rotation":{"x":-0.29688596725463869,"y":-0.3277612030506134,"z":0.10931453853845597,"w":-0.8902263045310974},"size":6.429666042327881,"orthographic":true}