{"cameraMode":{"drawMode":0,"name":"Shaded","section":"Shading Mode"},"sceneLighting":true,"audioPlay":false,"sceneViewState":{"showFog":true,"showMaterialUpdate":true,"showSkybox":true,"showFlares":true,"showImageEffects":true,"showParticleSystems":true},"in2DMode":false,"pivot":{"x":45.92448425292969,"y":-1.1195144653320313,"z":-3.8993072509765627},"rotation":{"x":0.008837301284074784,"y":-0.6748097538948059,"z":0.008119520731270314,"w":0.7379169464111328},"size":9.14610767364502,"orthographic":true}